"Epic","Feature","Story","FAILED","BROKEN","PASSED","SKIPPED","UNKNOWN"
"Login Page","Login Page/ Page Info/ Banner/ Invalid Username/ Empty","Login Page - Unit Test","0","0","1","0","0"
"Login Page","Login Page/ Page Info/ Banner/ Invalid Username","Login Page - Unit Test","0","0","2","0","0"
"Login Page","Login Page/ Page Info/ Banner","Login Page - Unit Test","0","0","4","0","0"
"Login Page","Login Page/ Page Info/ Banner/ Invalid Username/ Incorrect","Login Page - Unit Test","0","0","1","0","0"
"Login Page","Login Page/ Username field","Login Page - Unit Test","0","0","2","0","0"
"Login Page","Login Page/ Login Button","Login Page - Unit Test","0","0","2","0","0"
"Login Page","Login Page/ Password field","Login Page - Unit Test","0","0","2","0","0"
"Login Page","Login Page/ Page Info/ Header","Login Page - Unit Test","0","0","1","0","0"
"Login Success Page","Login Success/ Page Info/ Header","Login Success Page - Unit Test","0","0","1","0","0"
"Login Page","Login Page/ Page Info/ Banner/ Invalid Password/ Empty","Login Page - Unit Test","0","0","1","0","0"
"Login Page","Login Page/ Page Info/ Banner/ Invalid Password","Login Page - Unit Test","0","0","2","0","0"
"Login Page","Login Page/ Page Info/ Banner/ Invalid Password/ Incorrect","Login Page - Unit Test","0","0","1","0","0"
"Login Success Page","Login Success/ Logout Button","Login Success Page - Unit Test","0","0","1","0","0"
"Login Success Page","Login Success/ Logout Action","Login Success Page - Unit Test","0","0","1","0","0"
